sale_id,date_id,product_id,product_name,category,customer_id,city,state,quantity,revenue
1,20260601,P1,Wireless Mouse,Electronics,C1,Ahmedabad,Gujarat,3,2397
2,20260601,P2,Office Chair,Furniture,C2,Bengaluru,Karnataka,2,10998
3,20260601,P1,Wireless Mouse,Electronics,C5,Hyderabad,Telangana,1,799
4,20260601,P5,Water Bottle,Accessories,C4,Delhi,Delhi,1,349
5,20260601,P1,Wireless Mouse,Electronics,C1,Ahmedabad,Gujarat,2,1598
6,20260601,P2,Office Chair,Furniture,C5,Hyderabad,Telangana,5,27495
7,20260601,P1,Wireless Mouse,Electronics,C5,Hyderabad,Telangana,2,1598
8,20260601,P5,Water Bottle,Accessories,C4,Delhi,Delhi,2,698
9,20260602,P5,Water Bottle,Accessories,C3,Pune,Maharashtra,1,349
10,20260602,P2,Office Chair,Furniture,C4,Delhi,Delhi,3,16497
11,20260602,P3,Notebook Pack,Stationery,C2,Bengaluru,Karnataka,2,398
12,20260602,P3,Notebook Pack,Stationery,C1,Ahmedabad,Gujarat,1,199
13,20260602,P4,LED Desk Lamp,Electronics,C1,Ahmedabad,Gujarat,3,3897
14,20260602,P3,Notebook Pack,Stationery,C5,Hyderabad,Telangana,3,597
15,20260603,P4,LED Desk Lamp,Electronics,C5,Hyderabad,Telangana,1,1299
16,20260603,P4,LED Desk Lamp,Electronics,C1,Ahmedabad,Gujarat,5,6495
17,20260603,P3,Notebook Pack,Stationery,C5,Hyderabad,Telangana,3,597
18,20260604,P2,Office Chair,Furniture,C1,Ahmedabad,Gujarat,1,5499
19,20260604,P2,Office Chair,Furniture,C3,Pune,Maharashtra,1,5499
20,20260604,P2,Office Chair,Furniture,C1,Ahmedabad,Gujarat,4,21996
21,20260604,P3,Notebook Pack,Stationery,C4,Delhi,Delhi,3,597
22,20260604,P2,Office Chair,Furniture,C3,Pune,Maharashtra,3,16497
23,20260604,P2,Office Chair,Furniture,C3,Pune,Maharashtra,1,5499
24,20260604,P5,Water Bottle,Accessories,C2,Bengaluru,Karnataka,5,1745
25,20260605,P2,Office Chair,Furniture,C2,Bengaluru,Karnataka,4,21996
26,20260605,P4,LED Desk Lamp,Electronics,C3,Pune,Maharashtra,5,6495
27,20260605,P2,Office Chair,Furniture,C3,Pune,Maharashtra,1,5499
28,20260605,P2,Office Chair,Furniture,C1,Ahmedabad,Gujarat,3,16497
29,20260605,P4,LED Desk Lamp,Electronics,C3,Pune,Maharashtra,1,1299
30,20260605,P2,Office Chair,Furniture,C5,Hyderabad,Telangana,3,16497
31,20260605,P2,Office Chair,Furniture,C4,Delhi,Delhi,4,21996
32,20260605,P4,LED Desk Lamp,Electronics,C2,Bengaluru,Karnataka,3,3897
33,20260606,P2,Office Chair,Furniture,C5,Hyderabad,Telangana,5,27495
34,20260606,P3,Notebook Pack,Stationery,C5,Hyderabad,Telangana,4,796
35,20260606,P5,Water Bottle,Accessories,C4,Delhi,Delhi,3,1047
36,20260606,P2,Office Chair,Furniture,C2,Bengaluru,Karnataka,5,27495
37,20260607,P1,Wireless Mouse,Electronics,C1,Ahmedabad,Gujarat,1,799
38,20260607,P2,Office Chair,Furniture,C2,Bengaluru,Karnataka,4,21996
39,20260607,P5,Water Bottle,Accessories,C1,Ahmedabad,Gujarat,4,1396
40,20260607,P4,LED Desk Lamp,Electronics,C5,Hyderabad,Telangana,4,5196
41,20260607,P5,Water Bottle,Accessories,C3,Pune,Maharashtra,5,1745
42,20260607,P1,Wireless Mouse,Electronics,C1,Ahmedabad,Gujarat,5,3995
43,20260608,P3,Notebook Pack,Stationery,C1,Ahmedabad,Gujarat,3,597
44,20260608,P4,LED Desk Lamp,Electronics,C2,Bengaluru,Karnataka,4,5196
45,20260608,P1,Wireless Mouse,Electronics,C3,Pune,Maharashtra,5,3995
46,20260608,P2,Office Chair,Furniture,C5,Hyderabad,Telangana,1,5499
47,20260608,P3,Notebook Pack,Stationery,C5,Hyderabad,Telangana,5,995
48,20260609,P2,Office Chair,Furniture,C3,Pune,Maharashtra,2,10998
49,20260609,P5,Water Bottle,Accessories,C5,Hyderabad,Telangana,1,349
50,20260609,P5,Water Bottle,Accessories,C3,Pune,Maharashtra,4,1396
51,20260609,P1,Wireless Mouse,Electronics,C1,Ahmedabad,Gujarat,3,2397
52,20260610,P2,Office Chair,Furniture,C1,Ahmedabad,Gujarat,2,10998
53,20260610,P5,Water Bottle,Accessories,C1,Ahmedabad,Gujarat,1,349
54,20260610,P4,LED Desk Lamp,Electronics,C1,Ahmedabad,Gujarat,5,6495
55,20260610,P2,Office Chair,Furniture,C2,Bengaluru,Karnataka,4,21996
56,20260610,P5,Water Bottle,Accessories,C2,Bengaluru,Karnataka,3,1047
57,20260611,P5,Water Bottle,Accessories,C4,Delhi,Delhi,2,698
58,20260611,P5,Water Bottle,Accessories,C2,Bengaluru,Karnataka,3,1047
59,20260611,P4,LED Desk Lamp,Electronics,C3,Pune,Maharashtra,4,5196
60,20260611,P5,Water Bottle,Accessories,C4,Delhi,Delhi,1,349
61,20260611,P2,Office Chair,Furniture,C2,Bengaluru,Karnataka,1,5499
62,20260611,P3,Notebook Pack,Stationery,C1,Ahmedabad,Gujarat,5,995
63,20260611,P5,Water Bottle,Accessories,C2,Bengaluru,Karnataka,5,1745
64,20260612,P1,Wireless Mouse,Electronics,C1,Ahmedabad,Gujarat,1,799
65,20260612,P2,Office Chair,Furniture,C1,Ahmedabad,Gujarat,1,5499
66,20260612,P3,Notebook Pack,Stationery,C1,Ahmedabad,Gujarat,5,995
67,20260612,P2,Office Chair,Furniture,C3,Pune,Maharashtra,4,21996
68,20260613,P5,Water Bottle,Accessories,C2,Bengaluru,Karnataka,5,1745
69,20260613,P5,Water Bottle,Accessories,C4,Delhi,Delhi,2,698
70,20260613,P4,LED Desk Lamp,Electronics,C4,Delhi,Delhi,2,2598
71,20260613,P1,Wireless Mouse,Electronics,C1,Ahmedabad,Gujarat,4,3196
72,20260614,P4,LED Desk Lamp,Electronics,C4,Delhi,Delhi,4,5196
73,20260614,P1,Wireless Mouse,Electronics,C1,Ahmedabad,Gujarat,1,799
74,20260614,P4,LED Desk Lamp,Electronics,C3,Pune,Maharashtra,1,1299
75,20260614,P2,Office Chair,Furniture,C2,Bengaluru,Karnataka,2,10998
76,20260614,P5,Water Bottle,Accessories,C4,Delhi,Delhi,2,698
77,20260615,P2,Office Chair,Furniture,C3,Pune,Maharashtra,4,21996
78,20260615,P2,Office Chair,Furniture,C1,Ahmedabad,Gujarat,4,21996
79,20260615,P5,Water Bottle,Accessories,C1,Ahmedabad,Gujarat,1,349
80,20260615,P5,Water Bottle,Accessories,C1,Ahmedabad,Gujarat,1,349
81,20260615,P2,Office Chair,Furniture,C2,Bengaluru,Karnataka,4,21996
82,20260615,P4,LED Desk Lamp,Electronics,C4,Delhi,Delhi,2,2598
83,20260616,P1,Wireless Mouse,Electronics,C2,Bengaluru,Karnataka,4,3196
84,20260616,P1,Wireless Mouse,Electronics,C4,Delhi,Delhi,3,2397
85,20260616,P4,LED Desk Lamp,Electronics,C3,Pune,Maharashtra,4,5196
86,20260616,P5,Water Bottle,Accessories,C4,Delhi,Delhi,2,698
87,20260616,P2,Office Chair,Furniture,C3,Pune,Maharashtra,2,10998
88,20260616,P1,Wireless Mouse,Electronics,C5,Hyderabad,Telangana,5,3995
89,20260617,P3,Notebook Pack,Stationery,C1,Ahmedabad,Gujarat,1,199
90,20260617,P5,Water Bottle,Accessories,C4,Delhi,Delhi,5,1745
91,20260617,P5,Water Bottle,Accessories,C2,Bengaluru,Karnataka,1,349
92,20260618,P1,Wireless Mouse,Electronics,C2,Bengaluru,Karnataka,1,799
93,20260618,P5,Water Bottle,Accessories,C1,Ahmedabad,Gujarat,2,698
94,20260618,P4,LED Desk Lamp,Electronics,C1,Ahmedabad,Gujarat,5,6495
95,20260618,P2,Office Chair,Furniture,C5,Hyderabad,Telangana,5,27495
96,20260618,P1,Wireless Mouse,Electronics,C5,Hyderabad,Telangana,1,799
97,20260618,P4,LED Desk Lamp,Electronics,C5,Hyderabad,Telangana,5,6495
98,20260618,P5,Water Bottle,Accessories,C3,Pune,Maharashtra,3,1047
99,20260619,P3,Notebook Pack,Stationery,C2,Bengaluru,Karnataka,3,597
100,20260619,P4,LED Desk Lamp,Electronics,C2,Bengaluru,Karnataka,3,3897
101,20260619,P4,LED Desk Lamp,Electronics,C3,Pune,Maharashtra,1,1299
102,20260619,P1,Wireless Mouse,Electronics,C4,Delhi,Delhi,5,3995
103,20260620,P1,Wireless Mouse,Electronics,C1,Ahmedabad,Gujarat,5,3995
104,20260620,P2,Office Chair,Furniture,C5,Hyderabad,Telangana,3,16497
105,20260620,P2,Office Chair,Furniture,C3,Pune,Maharashtra,1,5499
106,20260620,P2,Office Chair,Furniture,C3,Pune,Maharashtra,3,16497
107,20260620,P2,Office Chair,Furniture,C4,Delhi,Delhi,5,27495
108,20260620,P3,Notebook Pack,Stationery,C5,Hyderabad,Telangana,5,995
109,20260620,P1,Wireless Mouse,Electronics,C5,Hyderabad,Telangana,3,2397
110,20260621,P1,Wireless Mouse,Electronics,C2,Bengaluru,Karnataka,3,2397
111,20260621,P1,Wireless Mouse,Electronics,C1,Ahmedabad,Gujarat,5,3995
112,20260621,P2,Office Chair,Furniture,C3,Pune,Maharashtra,3,16497
113,20260621,P5,Water Bottle,Accessories,C2,Bengaluru,Karnataka,3,1047
114,20260621,P2,Office Chair,Furniture,C3,Pune,Maharashtra,5,27495
115,20260621,P4,LED Desk Lamp,Electronics,C3,Pune,Maharashtra,1,1299
116,20260621,P1,Wireless Mouse,Electronics,C4,Delhi,Delhi,3,2397
117,20260621,P1,Wireless Mouse,Electronics,C1,Ahmedabad,Gujarat,3,2397
118,20260622,P3,Notebook Pack,Stationery,C2,Bengaluru,Karnataka,4,796
119,20260622,P5,Water Bottle,Accessories,C4,Delhi,Delhi,5,1745
120,20260622,P1,Wireless Mouse,Electronics,C1,Ahmedabad,Gujarat,1,799
121,20260622,P2,Office Chair,Furniture,C5,Hyderabad,Telangana,1,5499
122,20260623,P5,Water Bottle,Accessories,C5,Hyderabad,Telangana,2,698
123,20260623,P4,LED Desk Lamp,Electronics,C2,Bengaluru,Karnataka,1,1299
124,20260623,P3,Notebook Pack,Stationery,C3,Pune,Maharashtra,1,199
125,20260623,P3,Notebook Pack,Stationery,C2,Bengaluru,Karnataka,2,398
126,20260623,P1,Wireless Mouse,Electronics,C3,Pune,Maharashtra,5,3995
127,20260624,P5,Water Bottle,Accessories,C2,Bengaluru,Karnataka,2,698
128,20260624,P2,Office Chair,Furniture,C2,Bengaluru,Karnataka,4,21996
129,20260624,P1,Wireless Mouse,Electronics,C2,Bengaluru,Karnataka,3,2397
130,20260624,P4,LED Desk Lamp,Electronics,C2,Bengaluru,Karnataka,3,3897
131,20260624,P2,Office Chair,Furniture,C1,Ahmedabad,Gujarat,4,21996
132,20260624,P1,Wireless Mouse,Electronics,C4,Delhi,Delhi,2,1598
133,20260625,P4,LED Desk Lamp,Electronics,C3,Pune,Maharashtra,3,3897
134,20260625,P2,Office Chair,Furniture,C2,Bengaluru,Karnataka,1,5499
135,20260625,P2,Office Chair,Furniture,C4,Delhi,Delhi,3,16497
136,20260625,P3,Notebook Pack,Stationery,C1,Ahmedabad,Gujarat,3,597
137,20260626,P5,Water Bottle,Accessories,C4,Delhi,Delhi,5,1745
138,20260626,P3,Notebook Pack,Stationery,C1,Ahmedabad,Gujarat,1,199
139,20260626,P3,Notebook Pack,Stationery,C2,Bengaluru,Karnataka,5,995
140,20260626,P3,Notebook Pack,Stationery,C1,Ahmedabad,Gujarat,1,199
141,20260626,P5,Water Bottle,Accessories,C4,Delhi,Delhi,3,1047
142,20260627,P3,Notebook Pack,Stationery,C4,Delhi,Delhi,5,995
143,20260627,P5,Water Bottle,Accessories,C1,Ahmedabad,Gujarat,4,1396
144,20260627,P5,Water Bottle,Accessories,C2,Bengaluru,Karnataka,3,1047
145,20260627,P1,Wireless Mouse,Electronics,C4,Delhi,Delhi,1,799
146,20260627,P5,Water Bottle,Accessories,C5,Hyderabad,Telangana,2,698
147,20260627,P3,Notebook Pack,Stationery,C4,Delhi,Delhi,1,199
148,20260627,P3,Notebook Pack,Stationery,C5,Hyderabad,Telangana,3,597
149,20260627,P1,Wireless Mouse,Electronics,C3,Pune,Maharashtra,5,3995
150,20260628,P4,LED Desk Lamp,Electronics,C3,Pune,Maharashtra,4,5196
151,20260628,P3,Notebook Pack,Stationery,C5,Hyderabad,Telangana,2,398
152,20260628,P2,Office Chair,Furniture,C4,Delhi,Delhi,4,21996
153,20260628,P2,Office Chair,Furniture,C5,Hyderabad,Telangana,5,27495
154,20260628,P3,Notebook Pack,Stationery,C4,Delhi,Delhi,5,995
155,20260629,P3,Notebook Pack,Stationery,C3,Pune,Maharashtra,2,398
156,20260629,P4,LED Desk Lamp,Electronics,C5,Hyderabad,Telangana,5,6495
157,20260629,P3,Notebook Pack,Stationery,C4,Delhi,Delhi,4,796
158,20260630,P2,Office Chair,Furniture,C5,Hyderabad,Telangana,4,21996
159,20260630,P2,Office Chair,Furniture,C1,Ahmedabad,Gujarat,3,16497
160,20260630,P5,Water Bottle,Accessories,C5,Hyderabad,Telangana,3,1047
161,20260630,P1,Wireless Mouse,Electronics,C2,Bengaluru,Karnataka,3,2397
162,20260630,P2,Office Chair,Furniture,C2,Bengaluru,Karnataka,2,10998
163,20260630,P1,Wireless Mouse,Electronics,C1,Ahmedabad,Gujarat,2,1598
164,20260701,P5,Water Bottle,Accessories,C1,Ahmedabad,Gujarat,4,1396
165,20260701,P4,LED Desk Lamp,Electronics,C5,Hyderabad,Telangana,2,2598
166,20260701,P4,LED Desk Lamp,Electronics,C4,Delhi,Delhi,4,5196
167,20260701,P2,Office Chair,Furniture,C2,Bengaluru,Karnataka,1,5499
168,20260701,P1,Wireless Mouse,Electronics,C4,Delhi,Delhi,2,1598
169,20260701,P2,Office Chair,Furniture,C5,Hyderabad,Telangana,4,21996
170,20260702,P5,Water Bottle,Accessories,C2,Bengaluru,Karnataka,1,349
171,20260702,P4,LED Desk Lamp,Electronics,C2,Bengaluru,Karnataka,4,5196
172,20260702,P5,Water Bottle,Accessories,C5,Hyderabad,Telangana,5,1745
173,20260703,P4,LED Desk Lamp,Electronics,C5,Hyderabad,Telangana,5,6495
174,20260703,P4,LED Desk Lamp,Electronics,C5,Hyderabad,Telangana,4,5196
175,20260703,P2,Office Chair,Furniture,C4,Delhi,Delhi,4,21996
176,20260703,P3,Notebook Pack,Stationery,C2,Bengaluru,Karnataka,3,597
177,20260703,P5,Water Bottle,Accessories,C4,Delhi,Delhi,2,698
178,20260704,P4,LED Desk Lamp,Electronics,C1,Ahmedabad,Gujarat,3,3897
179,20260704,P2,Office Chair,Furniture,C3,Pune,Maharashtra,3,16497
180,20260704,P3,Notebook Pack,Stationery,C5,Hyderabad,Telangana,1,199
181,20260704,P2,Office Chair,Furniture,C2,Bengaluru,Karnataka,2,10998
182,20260704,P4,LED Desk Lamp,Electronics,C2,Bengaluru,Karnataka,2,2598
183,20260705,P4,LED Desk Lamp,Electronics,C4,Delhi,Delhi,3,3897
184,20260705,P5,Water Bottle,Accessories,C4,Delhi,Delhi,4,1396
185,20260705,P1,Wireless Mouse,Electronics,C2,Bengaluru,Karnataka,4,3196
186,20260706,P5,Water Bottle,Accessories,C1,Ahmedabad,Gujarat,5,1745
187,20260706,P4,LED Desk Lamp,Electronics,C4,Delhi,Delhi,1,1299
188,20260706,P3,Notebook Pack,Stationery,C3,Pune,Maharashtra,4,796
189,20260706,P4,LED Desk Lamp,Electronics,C5,Hyderabad,Telangana,5,6495
190,20260706,P5,Water Bottle,Accessories,C2,Bengaluru,Karnataka,4,1396
191,20260706,P2,Office Chair,Furniture,C3,Pune,Maharashtra,4,21996
192,20260707,P1,Wireless Mouse,Electronics,C4,Delhi,Delhi,3,2397
193,20260707,P4,LED Desk Lamp,Electronics,C2,Bengaluru,Karnataka,4,5196
194,20260707,P2,Office Chair,Furniture,C5,Hyderabad,Telangana,5,27495
195,20260707,P1,Wireless Mouse,Electronics,C4,Delhi,Delhi,5,3995
196,20260707,P5,Water Bottle,Accessories,C1,Ahmedabad,Gujarat,1,349
197,20260707,P4,LED Desk Lamp,Electronics,C2,Bengaluru,Karnataka,4,5196
198,20260708,P1,Wireless Mouse,Electronics,C3,Pune,Maharashtra,4,3196
199,20260708,P3,Notebook Pack,Stationery,C2,Bengaluru,Karnataka,4,796
200,20260708,P3,Notebook Pack,Stationery,C3,Pune,Maharashtra,4,796
201,20260708,P3,Notebook Pack,Stationery,C4,Delhi,Delhi,3,597
202,20260709,P4,LED Desk Lamp,Electronics,C1,Ahmedabad,Gujarat,5,6495
203,20260709,P1,Wireless Mouse,Electronics,C3,Pune,Maharashtra,2,1598
204,20260709,P1,Wireless Mouse,Electronics,C1,Ahmedabad,Gujarat,1,799
205,20260710,P2,Office Chair,Furniture,C1,Ahmedabad,Gujarat,5,27495
206,20260710,P2,Office Chair,Furniture,C2,Bengaluru,Karnataka,2,10998
207,20260710,P4,LED Desk Lamp,Electronics,C1,Ahmedabad,Gujarat,5,6495
208,20260710,P2,Office Chair,Furniture,C4,Delhi,Delhi,3,16497
209,20260711,P2,Office Chair,Furniture,C5,Hyderabad,Telangana,5,27495
210,20260711,P1,Wireless Mouse,Electronics,C2,Bengaluru,Karnataka,3,2397
211,20260711,P1,Wireless Mouse,Electronics,C5,Hyderabad,Telangana,1,799
212,20260711,P3,Notebook Pack,Stationery,C5,Hyderabad,Telangana,4,796
213,20260711,P4,LED Desk Lamp,Electronics,C2,Bengaluru,Karnataka,1,1299
214,20260712,P2,Office Chair,Furniture,C1,Ahmedabad,Gujarat,3,16497
215,20260712,P5,Water Bottle,Accessories,C1,Ahmedabad,Gujarat,5,1745
216,20260712,P1,Wireless Mouse,Electronics,C3,Pune,Maharashtra,5,3995
217,20260712,P4,LED Desk Lamp,Electronics,C3,Pune,Maharashtra,1,1299
218,20260712,P5,Water Bottle,Accessories,C3,Pune,Maharashtra,1,349
219,20260712,P4,LED Desk Lamp,Electronics,C4,Delhi,Delhi,1,1299
220,20260712,P4,LED Desk Lamp,Electronics,C3,Pune,Maharashtra,4,5196
221,20260713,P2,Office Chair,Furniture,C4,Delhi,Delhi,2,10998
222,20260713,P5,Water Bottle,Accessories,C3,Pune,Maharashtra,5,1745
223,20260713,P5,Water Bottle,Accessories,C4,Delhi,Delhi,4,1396
224,20260713,P4,LED Desk Lamp,Electronics,C5,Hyderabad,Telangana,3,3897
225,20260713,P3,Notebook Pack,Stationery,C2,Bengaluru,Karnataka,1,199
226,20260713,P3,Notebook Pack,Stationery,C4,Delhi,Delhi,2,398
227,20260713,P4,LED Desk Lamp,Electronics,C5,Hyderabad,Telangana,5,6495
228,20260713,P4,LED Desk Lamp,Electronics,C3,Pune,Maharashtra,1,1299
229,20260714,P3,Notebook Pack,Stationery,C2,Bengaluru,Karnataka,4,796
230,20260714,P2,Office Chair,Furniture,C3,Pune,Maharashtra,3,16497
231,20260714,P3,Notebook Pack,Stationery,C3,Pune,Maharashtra,5,995
232,20260714,P3,Notebook Pack,Stationery,C5,Hyderabad,Telangana,1,199
233,20260714,P5,Water Bottle,Accessories,C2,Bengaluru,Karnataka,1,349
234,20260714,P2,Office Chair,Furniture,C4,Delhi,Delhi,4,21996
235,20260715,P2,Office Chair,Furniture,C4,Delhi,Delhi,4,21996
236,20260715,P4,LED Desk Lamp,Electronics,C1,Ahmedabad,Gujarat,1,1299
237,20260715,P3,Notebook Pack,Stationery,C2,Bengaluru,Karnataka,4,796
238,20260715,P2,Office Chair,Furniture,C3,Pune,Maharashtra,5,27495
239,20260715,P3,Notebook Pack,Stationery,C4,Delhi,Delhi,5,995
240,20260715,P5,Water Bottle,Accessories,C3,Pune,Maharashtra,4,1396
241,20260715,P5,Water Bottle,Accessories,C3,Pune,Maharashtra,3,1047
242,20260716,P4,LED Desk Lamp,Electronics,C3,Pune,Maharashtra,3,3897
243,20260716,P3,Notebook Pack,Stationery,C2,Bengaluru,Karnataka,1,199
244,20260716,P2,Office Chair,Furniture,C3,Pune,Maharashtra,1,5499
245,20260716,P5,Water Bottle,Accessories,C2,Bengaluru,Karnataka,2,698
246,20260716,P2,Office Chair,Furniture,C4,Delhi,Delhi,3,16497
247,20260716,P5,Water Bottle,Accessories,C5,Hyderabad,Telangana,5,1745
248,20260716,P3,Notebook Pack,Stationery,C1,Ahmedabad,Gujarat,2,398
249,20260716,P3,Notebook Pack,Stationery,C2,Bengaluru,Karnataka,3,597
250,20260717,P3,Notebook Pack,Stationery,C1,Ahmedabad,Gujarat,5,995
251,20260717,P2,Office Chair,Furniture,C3,Pune,Maharashtra,1,5499
252,20260717,P1,Wireless Mouse,Electronics,C5,Hyderabad,Telangana,3,2397
253,20260717,P2,Office Chair,Furniture,C4,Delhi,Delhi,1,5499
254,20260718,P5,Water Bottle,Accessories,C3,Pune,Maharashtra,4,1396
255,20260718,P4,LED Desk Lamp,Electronics,C4,Delhi,Delhi,3,3897
256,20260718,P2,Office Chair,Furniture,C1,Ahmedabad,Gujarat,3,16497
257,20260719,P1,Wireless Mouse,Electronics,C1,Ahmedabad,Gujarat,4,3196
258,20260719,P4,LED Desk Lamp,Electronics,C1,Ahmedabad,Gujarat,5,6495
259,20260719,P1,Wireless Mouse,Electronics,C2,Bengaluru,Karnataka,2,1598
260,20260719,P5,Water Bottle,Accessories,C3,Pune,Maharashtra,1,349
261,20260719,P2,Office Chair,Furniture,C1,Ahmedabad,Gujarat,5,27495
262,20260719,P4,LED Desk Lamp,Electronics,C5,Hyderabad,Telangana,5,6495
263,20260720,P2,Office Chair,Furniture,C5,Hyderabad,Telangana,4,21996
264,20260720,P4,LED Desk Lamp,Electronics,C4,Delhi,Delhi,3,3897
265,20260720,P5,Water Bottle,Accessories,C4,Delhi,Delhi,3,1047
266,20260720,P5,Water Bottle,Accessories,C5,Hyderabad,Telangana,1,349
267,20260720,P5,Water Bottle,Accessories,C1,Ahmedabad,Gujarat,2,698
268,20260720,P2,Office Chair,Furniture,C3,Pune,Maharashtra,1,5499
269,20260720,P2,Office Chair,Furniture,C2,Bengaluru,Karnataka,2,10998
270,20260721,P1,Wireless Mouse,Electronics,C2,Bengaluru,Karnataka,1,799
271,20260721,P4,LED Desk Lamp,Electronics,C4,Delhi,Delhi,5,6495
272,20260721,P4,LED Desk Lamp,Electronics,C3,Pune,Maharashtra,1,1299
273,20260721,P2,Office Chair,Furniture,C3,Pune,Maharashtra,3,16497
274,20260721,P4,LED Desk Lamp,Electronics,C1,Ahmedabad,Gujarat,2,2598
275,20260721,P3,Notebook Pack,Stationery,C5,Hyderabad,Telangana,2,398
276,20260721,P4,LED Desk Lamp,Electronics,C1,Ahmedabad,Gujarat,5,6495
277,20260722,P2,Office Chair,Furniture,C3,Pune,Maharashtra,2,10998
278,20260722,P1,Wireless Mouse,Electronics,C1,Ahmedabad,Gujarat,2,1598
279,20260722,P3,Notebook Pack,Stationery,C5,Hyderabad,Telangana,5,995
280,20260722,P3,Notebook Pack,Stationery,C4,Delhi,Delhi,1,199
281,20260723,P3,Notebook Pack,Stationery,C4,Delhi,Delhi,3,597
282,20260723,P5,Water Bottle,Accessories,C5,Hyderabad,Telangana,4,1396
283,20260723,P4,LED Desk Lamp,Electronics,C1,Ahmedabad,Gujarat,5,6495
284,20260723,P1,Wireless Mouse,Electronics,C4,Delhi,Delhi,3,2397
285,20260723,P5,Water Bottle,Accessories,C3,Pune,Maharashtra,1,349
286,20260723,P1,Wireless Mouse,Electronics,C2,Bengaluru,Karnataka,5,3995
287,20260724,P1,Wireless Mouse,Electronics,C3,Pune,Maharashtra,5,3995
288,20260724,P1,Wireless Mouse,Electronics,C2,Bengaluru,Karnataka,4,3196
289,20260724,P5,Water Bottle,Accessories,C4,Delhi,Delhi,3,1047
290,20260724,P2,Office Chair,Furniture,C5,Hyderabad,Telangana,4,21996
291,20260724,P4,LED Desk Lamp,Electronics,C1,Ahmedabad,Gujarat,4,5196
292,20260724,P3,Notebook Pack,Stationery,C4,Delhi,Delhi,3,597
293,20260724,P3,Notebook Pack,Stationery,C1,Ahmedabad,Gujarat,2,398
294,20260725,P4,LED Desk Lamp,Electronics,C4,Delhi,Delhi,3,3897
295,20260725,P4,LED Desk Lamp,Electronics,C5,Hyderabad,Telangana,1,1299
296,20260725,P4,LED Desk Lamp,Electronics,C1,Ahmedabad,Gujarat,3,3897
297,20260725,P3,Notebook Pack,Stationery,C3,Pune,Maharashtra,1,199
298,20260725,P4,LED Desk Lamp,Electronics,C5,Hyderabad,Telangana,1,1299
299,20260726,P5,Water Bottle,Accessories,C4,Delhi,Delhi,4,1396
300,20260726,P1,Wireless Mouse,Electronics,C2,Bengaluru,Karnataka,5,3995
301,20260726,P3,Notebook Pack,Stationery,C5,Hyderabad,Telangana,4,796
302,20260726,P4,LED Desk Lamp,Electronics,C1,Ahmedabad,Gujarat,2,2598
303,20260726,P3,Notebook Pack,Stationery,C5,Hyderabad,Telangana,2,398
304,20260726,P3,Notebook Pack,Stationery,C4,Delhi,Delhi,4,796
305,20260726,P1,Wireless Mouse,Electronics,C1,Ahmedabad,Gujarat,5,3995
306,20260726,P2,Office Chair,Furniture,C2,Bengaluru,Karnataka,3,16497
307,20260727,P1,Wireless Mouse,Electronics,C5,Hyderabad,Telangana,4,3196
308,20260727,P1,Wireless Mouse,Electronics,C2,Bengaluru,Karnataka,1,799
309,20260727,P4,LED Desk Lamp,Electronics,C1,Ahmedabad,Gujarat,2,2598
310,20260727,P4,LED Desk Lamp,Electronics,C3,Pune,Maharashtra,5,6495
311,20260727,P3,Notebook Pack,Stationery,C4,Delhi,Delhi,4,796
312,20260727,P4,LED Desk Lamp,Electronics,C2,Bengaluru,Karnataka,4,5196
313,20260727,P5,Water Bottle,Accessories,C2,Bengaluru,Karnataka,4,1396
314,20260728,P5,Water Bottle,Accessories,C5,Hyderabad,Telangana,2,698
315,20260728,P1,Wireless Mouse,Electronics,C3,Pune,Maharashtra,4,3196
316,20260728,P3,Notebook Pack,Stationery,C5,Hyderabad,Telangana,3,597
317,20260728,P1,Wireless Mouse,Electronics,C3,Pune,Maharashtra,3,2397
318,20260729,P5,Water Bottle,Accessories,C4,Delhi,Delhi,2,698
319,20260729,P4,LED Desk Lamp,Electronics,C5,Hyderabad,Telangana,4,5196
320,20260729,P3,Notebook Pack,Stationery,C3,Pune,Maharashtra,5,995
321,20260729,P5,Water Bottle,Accessories,C4,Delhi,Delhi,4,1396
322,20260729,P3,Notebook Pack,Stationery,C2,Bengaluru,Karnataka,2,398
323,20260729,P5,Water Bottle,Accessories,C4,Delhi,Delhi,2,698
324,20260729,P4,LED Desk Lamp,Electronics,C1,Ahmedabad,Gujarat,3,3897
325,20260730,P4,LED Desk Lamp,Electronics,C4,Delhi,Delhi,4,5196
326,20260730,P2,Office Chair,Furniture,C4,Delhi,Delhi,1,5499
327,20260730,P2,Office Chair,Furniture,C5,Hyderabad,Telangana,5,27495
328,20260730,P3,Notebook Pack,Stationery,C1,Ahmedabad,Gujarat,4,796
329,20260730,P1,Wireless Mouse,Electronics,C5,Hyderabad,Telangana,4,3196
330,20260730,P1,Wireless Mouse,Electronics,C2,Bengaluru,Karnataka,4,3196
331,20260730,P2,Office Chair,Furniture,C1,Ahmedabad,Gujarat,4,21996
332,20260730,P3,Notebook Pack,Stationery,C3,Pune,Maharashtra,5,995
333,20260731,P4,LED Desk Lamp,Electronics,C1,Ahmedabad,Gujarat,3,3897
334,20260731,P5,Water Bottle,Accessories,C4,Delhi,Delhi,3,1047
335,20260731,P4,LED Desk Lamp,Electronics,C5,Hyderabad,Telangana,1,1299
336,20260731,P5,Water Bottle,Accessories,C1,Ahmedabad,Gujarat,2,698
337,20260731,P3,Notebook Pack,Stationery,C2,Bengaluru,Karnataka,1,199
338,20260731,P4,LED Desk Lamp,Electronics,C1,Ahmedabad,Gujarat,1,1299
339,20260731,P4,LED Desk Lamp,Electronics,C2,Bengaluru,Karnataka,3,3897
340,20260731,P1,Wireless Mouse,Electronics,C1,Ahmedabad,Gujarat,3,2397
341,20260801,P3,Notebook Pack,Stationery,C3,Pune,Maharashtra,3,597
342,20260801,P4,LED Desk Lamp,Electronics,C2,Bengaluru,Karnataka,2,2598
343,20260801,P5,Water Bottle,Accessories,C4,Delhi,Delhi,5,1745
344,20260802,P2,Office Chair,Furniture,C2,Bengaluru,Karnataka,2,10998
345,20260802,P1,Wireless Mouse,Electronics,C5,Hyderabad,Telangana,4,3196
346,20260802,P5,Water Bottle,Accessories,C2,Bengaluru,Karnataka,4,1396
347,20260802,P5,Water Bottle,Accessories,C2,Bengaluru,Karnataka,2,698
348,20260802,P4,LED Desk Lamp,Electronics,C3,Pune,Maharashtra,4,5196
349,20260802,P3,Notebook Pack,Stationery,C1,Ahmedabad,Gujarat,4,796
350,20260802,P3,Notebook Pack,Stationery,C5,Hyderabad,Telangana,2,398
351,20260802,P1,Wireless Mouse,Electronics,C4,Delhi,Delhi,3,2397
352,20260803,P3,Notebook Pack,Stationery,C4,Delhi,Delhi,3,597
353,20260803,P4,LED Desk Lamp,Electronics,C3,Pune,Maharashtra,2,2598
354,20260803,P4,LED Desk Lamp,Electronics,C4,Delhi,Delhi,1,1299
355,20260803,P2,Office Chair,Furniture,C4,Delhi,Delhi,5,27495
356,20260803,P3,Notebook Pack,Stationery,C5,Hyderabad,Telangana,3,597
357,20260803,P3,Notebook Pack,Stationery,C1,Ahmedabad,Gujarat,4,796
358,20260803,P3,Notebook Pack,Stationery,C1,Ahmedabad,Gujarat,5,995
359,20260804,P1,Wireless Mouse,Electronics,C5,Hyderabad,Telangana,4,3196
360,20260804,P3,Notebook Pack,Stationery,C2,Bengaluru,Karnataka,5,995
361,20260804,P3,Notebook Pack,Stationery,C2,Bengaluru,Karnataka,2,398
362,20260804,P5,Water Bottle,Accessories,C3,Pune,Maharashtra,2,698
363,20260804,P1,Wireless Mouse,Electronics,C1,Ahmedabad,Gujarat,3,2397
364,20260804,P4,LED Desk Lamp,Electronics,C1,Ahmedabad,Gujarat,5,6495
365,20260804,P3,Notebook Pack,Stationery,C2,Bengaluru,Karnataka,1,199
366,20260804,P3,Notebook Pack,Stationery,C3,Pune,Maharashtra,4,796
367,20260805,P2,Office Chair,Furniture,C2,Bengaluru,Karnataka,5,27495
368,20260805,P3,Notebook Pack,Stationery,C5,Hyderabad,Telangana,5,995
369,20260805,P3,Notebook Pack,Stationery,C2,Bengaluru,Karnataka,3,597
370,20260805,P4,LED Desk Lamp,Electronics,C3,Pune,Maharashtra,3,3897
371,20260806,P4,LED Desk Lamp,Electronics,C1,Ahmedabad,Gujarat,2,2598
372,20260806,P2,Office Chair,Furniture,C4,Delhi,Delhi,5,27495
373,20260806,P3,Notebook Pack,Stationery,C1,Ahmedabad,Gujarat,4,796
374,20260807,P3,Notebook Pack,Stationery,C5,Hyderabad,Telangana,1,199
375,20260807,P4,LED Desk Lamp,Electronics,C3,Pune,Maharashtra,3,3897
376,20260807,P5,Water Bottle,Accessories,C4,Delhi,Delhi,3,1047
377,20260808,P2,Office Chair,Furniture,C4,Delhi,Delhi,1,5499
378,20260808,P5,Water Bottle,Accessories,C5,Hyderabad,Telangana,3,1047
379,20260808,P5,Water Bottle,Accessories,C2,Bengaluru,Karnataka,1,349
380,20260809,P4,LED Desk Lamp,Electronics,C3,Pune,Maharashtra,4,5196
381,20260809,P1,Wireless Mouse,Electronics,C2,Bengaluru,Karnataka,1,799
382,20260809,P1,Wireless Mouse,Electronics,C3,Pune,Maharashtra,4,3196
383,20260809,P1,Wireless Mouse,Electronics,C1,Ahmedabad,Gujarat,2,1598
384,20260809,P5,Water Bottle,Accessories,C2,Bengaluru,Karnataka,4,1396
385,20260809,P4,LED Desk Lamp,Electronics,C3,Pune,Maharashtra,5,6495
386,20260809,P4,LED Desk Lamp,Electronics,C5,Hyderabad,Telangana,2,2598
387,20260809,P4,LED Desk Lamp,Electronics,C1,Ahmedabad,Gujarat,4,5196
388,20260810,P4,LED Desk Lamp,Electronics,C3,Pune,Maharashtra,1,1299
389,20260810,P3,Notebook Pack,Stationery,C2,Bengaluru,Karnataka,4,796
390,20260810,P4,LED Desk Lamp,Electronics,C2,Bengaluru,Karnataka,3,3897
391,20260810,P1,Wireless Mouse,Electronics,C3,Pune,Maharashtra,5,3995
392,20260810,P3,Notebook Pack,Stationery,C1,Ahmedabad,Gujarat,4,796
393,20260810,P3,Notebook Pack,Stationery,C2,Bengaluru,Karnataka,1,199
394,20260810,P4,LED Desk Lamp,Electronics,C1,Ahmedabad,Gujarat,2,2598
395,20260811,P5,Water Bottle,Accessories,C1,Ahmedabad,Gujarat,1,349
396,20260811,P3,Notebook Pack,Stationery,C2,Bengaluru,Karnataka,2,398
397,20260811,P5,Water Bottle,Accessories,C2,Bengaluru,Karnataka,1,349
398,20260811,P5,Water Bottle,Accessories,C2,Bengaluru,Karnataka,5,1745
399,20260811,P2,Office Chair,Furniture,C2,Bengaluru,Karnataka,3,16497
400,20260811,P2,Office Chair,Furniture,C5,Hyderabad,Telangana,1,5499
401,20260811,P3,Notebook Pack,Stationery,C2,Bengaluru,Karnataka,2,398
402,20260811,P5,Water Bottle,Accessories,C3,Pune,Maharashtra,2,698
403,20260812,P1,Wireless Mouse,Electronics,C2,Bengaluru,Karnataka,1,799
404,20260812,P3,Notebook Pack,Stationery,C2,Bengaluru,Karnataka,5,995
405,20260812,P3,Notebook Pack,Stationery,C1,Ahmedabad,Gujarat,2,398
406,20260813,P1,Wireless Mouse,Electronics,C2,Bengaluru,Karnataka,4,3196
407,20260813,P5,Water Bottle,Accessories,C1,Ahmedabad,Gujarat,1,349
408,20260813,P4,LED Desk Lamp,Electronics,C4,Delhi,Delhi,3,3897
409,20260813,P5,Water Bottle,Accessories,C5,Hyderabad,Telangana,1,349
410,20260813,P4,LED Desk Lamp,Electronics,C5,Hyderabad,Telangana,2,2598
411,20260814,P1,Wireless Mouse,Electronics,C5,Hyderabad,Telangana,3,2397
412,20260814,P4,LED Desk Lamp,Electronics,C1,Ahmedabad,Gujarat,1,1299
413,20260814,P4,LED Desk Lamp,Electronics,C4,Delhi,Delhi,4,5196
414,20260814,P1,Wireless Mouse,Electronics,C4,Delhi,Delhi,4,3196
415,20260814,P1,Wireless Mouse,Electronics,C1,Ahmedabad,Gujarat,3,2397
416,20260814,P5,Water Bottle,Accessories,C2,Bengaluru,Karnataka,1,349
417,20260814,P2,Office Chair,Furniture,C3,Pune,Maharashtra,5,27495
418,20260815,P5,Water Bottle,Accessories,C5,Hyderabad,Telangana,3,1047
419,20260815,P4,LED Desk Lamp,Electronics,C5,Hyderabad,Telangana,5,6495
420,20260815,P3,Notebook Pack,Stationery,C4,Delhi,Delhi,5,995
421,20260815,P5,Water Bottle,Accessories,C4,Delhi,Delhi,1,349
422,20260815,P1,Wireless Mouse,Electronics,C5,Hyderabad,Telangana,2,1598
423,20260815,P4,LED Desk Lamp,Electronics,C4,Delhi,Delhi,2,2598
424,20260815,P4,LED Desk Lamp,Electronics,C3,Pune,Maharashtra,4,5196
425,20260815,P4,LED Desk Lamp,Electronics,C4,Delhi,Delhi,1,1299
426,20260816,P4,LED Desk Lamp,Electronics,C3,Pune,Maharashtra,3,3897
427,20260816,P3,Notebook Pack,Stationery,C2,Bengaluru,Karnataka,4,796
428,20260816,P1,Wireless Mouse,Electronics,C1,Ahmedabad,Gujarat,1,799
429,20260816,P1,Wireless Mouse,Electronics,C4,Delhi,Delhi,1,799
430,20260816,P3,Notebook Pack,Stationery,C2,Bengaluru,Karnataka,5,995
431,20260817,P5,Water Bottle,Accessories,C5,Hyderabad,Telangana,5,1745
432,20260817,P3,Notebook Pack,Stationery,C1,Ahmedabad,Gujarat,4,796
433,20260817,P3,Notebook Pack,Stationery,C4,Delhi,Delhi,1,199
434,20260818,P5,Water Bottle,Accessories,C3,Pune,Maharashtra,3,1047
435,20260818,P1,Wireless Mouse,Electronics,C5,Hyderabad,Telangana,5,3995
436,20260818,P2,Office Chair,Furniture,C2,Bengaluru,Karnataka,4,21996
437,20260818,P2,Office Chair,Furniture,C1,Ahmedabad,Gujarat,3,16497
438,20260818,P5,Water Bottle,Accessories,C3,Pune,Maharashtra,1,349
439,20260819,P5,Water Bottle,Accessories,C2,Bengaluru,Karnataka,4,1396
440,20260819,P5,Water Bottle,Accessories,C5,Hyderabad,Telangana,5,1745
441,20260819,P5,Water Bottle,Accessories,C1,Ahmedabad,Gujarat,5,1745
442,20260819,P3,Notebook Pack,Stationery,C1,Ahmedabad,Gujarat,2,398
443,20260819,P3,Notebook Pack,Stationery,C3,Pune,Maharashtra,3,597
444,20260820,P1,Wireless Mouse,Electronics,C2,Bengaluru,Karnataka,2,1598
445,20260820,P5,Water Bottle,Accessories,C4,Delhi,Delhi,1,349
446,20260820,P2,Office Chair,Furniture,C1,Ahmedabad,Gujarat,1,5499
447,20260820,P5,Water Bottle,Accessories,C2,Bengaluru,Karnataka,4,1396
448,20260820,P4,LED Desk Lamp,Electronics,C4,Delhi,Delhi,3,3897
449,20260821,P3,Notebook Pack,Stationery,C3,Pune,Maharashtra,3,597
450,20260821,P5,Water Bottle,Accessories,C5,Hyderabad,Telangana,1,349
451,20260821,P1,Wireless Mouse,Electronics,C2,Bengaluru,Karnataka,2,1598
452,20260821,P5,Water Bottle,Accessories,C1,Ahmedabad,Gujarat,1,349
453,20260822,P4,LED Desk Lamp,Electronics,C4,Delhi,Delhi,4,5196
454,20260822,P5,Water Bottle,Accessories,C4,Delhi,Delhi,4,1396
455,20260822,P3,Notebook Pack,Stationery,C2,Bengaluru,Karnataka,5,995
456,20260822,P1,Wireless Mouse,Electronics,C3,Pune,Maharashtra,4,3196
457,20260822,P1,Wireless Mouse,Electronics,C3,Pune,Maharashtra,5,3995
458,20260823,P5,Water Bottle,Accessories,C3,Pune,Maharashtra,1,349
459,20260823,P2,Office Chair,Furniture,C4,Delhi,Delhi,5,27495
460,20260823,P1,Wireless Mouse,Electronics,C1,Ahmedabad,Gujarat,2,1598
461,20260823,P3,Notebook Pack,Stationery,C2,Bengaluru,Karnataka,2,398
462,20260823,P3,Notebook Pack,Stationery,C3,Pune,Maharashtra,3,597
463,20260823,P1,Wireless Mouse,Electronics,C1,Ahmedabad,Gujarat,4,3196
464,20260824,P4,LED Desk Lamp,Electronics,C2,Bengaluru,Karnataka,2,2598
465,20260824,P4,LED Desk Lamp,Electronics,C5,Hyderabad,Telangana,2,2598
466,20260824,P5,Water Bottle,Accessories,C5,Hyderabad,Telangana,3,1047
467,20260824,P1,Wireless Mouse,Electronics,C4,Delhi,Delhi,1,799
468,20260824,P4,LED Desk Lamp,Electronics,C1,Ahmedabad,Gujarat,4,5196
469,20260824,P1,Wireless Mouse,Electronics,C3,Pune,Maharashtra,5,3995
470,20260824,P4,LED Desk Lamp,Electronics,C5,Hyderabad,Telangana,4,5196
471,20260824,P4,LED Desk Lamp,Electronics,C3,Pune,Maharashtra,1,1299
472,20260825,P1,Wireless Mouse,Electronics,C3,Pune,Maharashtra,2,1598
473,20260825,P5,Water Bottle,Accessories,C4,Delhi,Delhi,3,1047
474,20260825,P1,Wireless Mouse,Electronics,C4,Delhi,Delhi,1,799
475,20260825,P2,Office Chair,Furniture,C4,Delhi,Delhi,5,27495
476,20260825,P4,LED Desk Lamp,Electronics,C5,Hyderabad,Telangana,1,1299
477,20260825,P4,LED Desk Lamp,Electronics,C3,Pune,Maharashtra,3,3897
478,20260826,P3,Notebook Pack,Stationery,C2,Bengaluru,Karnataka,1,199
479,20260826,P5,Water Bottle,Accessories,C1,Ahmedabad,Gujarat,5,1745
480,20260826,P5,Water Bottle,Accessories,C2,Bengaluru,Karnataka,3,1047
481,20260826,P3,Notebook Pack,Stationery,C2,Bengaluru,Karnataka,2,398
482,20260827,P2,Office Chair,Furniture,C3,Pune,Maharashtra,2,10998
483,20260827,P2,Office Chair,Furniture,C5,Hyderabad,Telangana,2,10998
484,20260827,P1,Wireless Mouse,Electronics,C2,Bengaluru,Karnataka,4,3196
485,20260828,P5,Water Bottle,Accessories,C5,Hyderabad,Telangana,4,1396
486,20260828,P5,Water Bottle,Accessories,C5,Hyderabad,Telangana,3,1047
487,20260828,P3,Notebook Pack,Stationery,C2,Bengaluru,Karnataka,4,796
488,20260828,P1,Wireless Mouse,Electronics,C4,Delhi,Delhi,4,3196
489,20260828,P3,Notebook Pack,Stationery,C3,Pune,Maharashtra,5,995
490,20260828,P1,Wireless Mouse,Electronics,C3,Pune,Maharashtra,5,3995
491,20260829,P3,Notebook Pack,Stationery,C4,Delhi,Delhi,4,796
492,20260829,P1,Wireless Mouse,Electronics,C1,Ahmedabad,Gujarat,3,2397
493,20260829,P3,Notebook Pack,Stationery,C1,Ahmedabad,Gujarat,1,199
